CREATE DATABASE  IF NOT EXISTS `saep_db` /*!40100 DEFAULT CHARACTER SET utf8mb4 COLLATE utf8mb4_general_ci */;
USE `saep_db`;
-- MariaDB dump 10.19  Distrib 10.4.32-MariaDB, for Win64 (AMD64)
--
-- Host: 127.0.0.1    Database: saep_db
-- ------------------------------------------------------
-- Server version	10.4.32-MariaDB

/*!40101 SET @OLD_CHARACTER_SET_CLIENT=@@CHARACTER_SET_CLIENT */;
/*!40101 SET @OLD_CHARACTER_SET_RESULTS=@@CHARACTER_SET_RESULTS */;
/*!40101 SET @OLD_COLLATION_CONNECTION=@@COLLATION_CONNECTION */;
/*!40101 SET NAMES utf8 */;
/*!40103 SET @OLD_TIME_ZONE=@@TIME_ZONE */;
/*!40103 SET TIME_ZONE='+00:00' */;
/*!40014 SET @OLD_UNIQUE_CHECKS=@@UNIQUE_CHECKS, UNIQUE_CHECKS=0 */;
/*!40014 SET @OLD_FOREIGN_KEY_CHECKS=@@FOREIGN_KEY_CHECKS, FOREIGN_KEY_CHECKS=0 */;
/*!40101 SET @OLD_SQL_MODE=@@SQL_MODE, SQL_MODE='NO_AUTO_VALUE_ON_ZERO' */;
/*!40111 SET @OLD_SQL_NOTES=@@SQL_NOTES, SQL_NOTES=0 */;

--
-- Table structure for table `atividades`
--

DROP TABLE IF EXISTS `atividades`;
/*!40101 SET @saved_cs_client     = @@character_set_client */;
/*!40101 SET character_set_client = utf8 */;
CREATE TABLE `atividades` (
  `id` int(11) NOT NULL AUTO_INCREMENT,
  `descricao` text NOT NULL,
  `id_turma` int(11) NOT NULL,
  PRIMARY KEY (`id`),
  KEY `fk_turma_atividade` (`id_turma`),
  CONSTRAINT `fk_turma_atividade` FOREIGN KEY (`id_turma`) REFERENCES `turmas` (`id`) ON DELETE NO ACTION ON UPDATE NO ACTION
) ENGINE=InnoDB AUTO_INCREMENT=11 DEFAULT CHARSET=utf8mb4 COLLATE=utf8mb4_general_ci;
/*!40101 SET character_set_client = @saved_cs_client */;

--
-- Dumping data for table `atividades`
--

LOCK TABLES `atividades` WRITE;
/*!40000 ALTER TABLE `atividades` DISABLE KEYS */;
INSERT INTO `atividades` VALUES (1,'Atividade 1',1),(3,'html avançado',1),(5,'css avaançado',1),(6,'javascript',1),(7,'Noções informática',1),(8,'Word',4),(9,'Excel',8),(10,'diagramação',7);
/*!40000 ALTER TABLE `atividades` ENABLE KEYS */;
UNLOCK TABLES;

--
-- Table structure for table `professores`
--

DROP TABLE IF EXISTS `professores`;
/*!40101 SET @saved_cs_client     = @@character_set_client */;
/*!40101 SET character_set_client = utf8 */;
CREATE TABLE `professores` (
  `id` int(11) NOT NULL AUTO_INCREMENT,
  `nome` varchar(255) NOT NULL,
  `email` varchar(255) NOT NULL,
  `senha` varchar(255) NOT NULL,
  PRIMARY KEY (`id`)
) ENGINE=InnoDB AUTO_INCREMENT=9 DEFAULT CHARSET=utf8mb4 COLLATE=utf8mb4_general_ci;
/*!40101 SET character_set_client = @saved_cs_client */;

--
-- Dumping data for table `professores`
--

LOCK TABLES `professores` WRITE;
/*!40000 ALTER TABLE `professores` DISABLE KEYS */;
INSERT INTO `professores` VALUES (1,'ramon','ramon@senai','uva'),(8,'Mauricio','mauricio@senai','jujuba');
/*!40000 ALTER TABLE `professores` ENABLE KEYS */;
UNLOCK TABLES;

--
-- Table structure for table `turmas`
--

DROP TABLE IF EXISTS `turmas`;
/*!40101 SET @saved_cs_client     = @@character_set_client */;
/*!40101 SET character_set_client = utf8 */;
CREATE TABLE `turmas` (
  `id` int(11) NOT NULL AUTO_INCREMENT,
  `nome` varchar(255) NOT NULL,
  `id_professor` int(11) NOT NULL,
  PRIMARY KEY (`id`),
  KEY `fk_professor` (`id_professor`),
  CONSTRAINT `fk_professor` FOREIGN KEY (`id_professor`) REFERENCES `professores` (`id`) ON DELETE NO ACTION ON UPDATE NO ACTION
) ENGINE=InnoDB AUTO_INCREMENT=10 DEFAULT CHARSET=utf8mb4 COLLATE=utf8mb4_general_ci;
/*!40101 SET character_set_client = @saved_cs_client */;

--
-- Dumping data for table `turmas`
--

LOCK TABLES `turmas` WRITE;
/*!40000 ALTER TABLE `turmas` DISABLE KEYS */;
INSERT INTO `turmas` VALUES (1,'HTC DDS NOTURNO',8),(4,'DDS - 14',8),(5,'DDS - 21',8),(6,'Web - 21',1),(7,'Turma Web Prefeitura',1),(8,'Turma Desktop',1);
/*!40000 ALTER TABLE `turmas` ENABLE KEYS */;
UNLOCK TABLES;
/*!40103 SET TIME_ZONE=@OLD_TIME_ZONE */;

/*!40101 SET SQL_MODE=@OLD_SQL_MODE */;
/*!40014 SET FOREIGN_KEY_CHECKS=@OLD_FOREIGN_KEY_CHECKS */;
/*!40014 SET UNIQUE_CHECKS=@OLD_UNIQUE_CHECKS */;
/*!40101 SET CHARACTER_SET_CLIENT=@OLD_CHARACTER_SET_CLIENT */;
/*!40101 SET CHARACTER_SET_RESULTS=@OLD_CHARACTER_SET_RESULTS */;
/*!40101 SET COLLATION_CONNECTION=@OLD_COLLATION_CONNECTION */;
/*!40111 SET SQL_NOTES=@OLD_SQL_NOTES */;

-- Dump completed on 2024-05-19 22:53:11
